"Country";"Year";"Commodity";"Physical_Extraction_Intensity";"Total_Trade_GDP";"Natural_Resource_Rents";"Mineral_Depletion_GNI";"Mineral_Depletion_GTIN"
"Democratic Republic of Congo";"2024";"Copper";"513";"97.494.644";"null";"";""
"Democratic Republic of Congo";"2024";"Gold";"3046349";"97.494.644";"null";"";""
"Democratic Republic of Congo";"2024";"Zinc";"71";"97.494.644";"null";"";""
"Democratic Republic of Congo";"2024";"Tin";"2231";"97.494.644";"null";"";""
"Democratic Republic of Congo";"2024";"Lead";"50";"97.494.644";"null";"";""
"Democratic Republic of Congo";"2023";"Copper";"513";"90.412.415";"null";"";""
"Democratic Republic of Congo";"2023";"Gold";"3046349";"90.412.415";"null";"";""
"Democratic Republic of Congo";"2023";"Zinc";"71";"90.412.415";"null";"";""
"Democratic Republic of Congo";"2023";"Tin";"2231";"90.412.415";"null";"";""
"Democratic Republic of Congo";"2023";"Lead";"50";"90.412.415";"null";"";""
"Democratic Republic of Congo";"2022";"Copper";"513";"9.372.867";"null";"";""
"Democratic Republic of Congo";"2022";"Gold";"3046349";"9.372.867";"null";"";""
"Democratic Republic of Congo";"2022";"Zinc";"71";"9.372.867";"null";"";""
"Democratic Republic of Congo";"2022";"Tin";"2231";"9.372.867";"null";"";""
"Democratic Republic of Congo";"2022";"Lead";"50";"9.372.867";"null";"";""
"Democratic Republic of Congo";"2021";"Copper";"513";"8.048.131";"38827267";"22.6603619759269";"226603619759269,00"
"Democratic Republic of Congo";"2021";"Gold";"3046349";"8.048.131";"38827267";"22.6603619759269";"226603619759269,00"
"Democratic Republic of Congo";"2021";"Zinc";"71";"8.048.131";"38827267";"22.6603619759269";"226603619759269,00"
"Democratic Republic of Congo";"2021";"Tin";"2231";"8.048.131";"38827267";"22.6603619759269";"226603619759269,00"
"Democratic Republic of Congo";"2021";"Lead";"50";"8.048.131";"38827267";"22.6603619759269";"226603619759269,00"
"Democratic Republic of Congo";"2020";"Copper";"513";"58.491.756";"15928197";"4.64706050471313";"464706050471313,00"
"Democratic Republic of Congo";"2020";"Gold";"3046349";"58.491.756";"15928197";"4.64706050471313";"464706050471313,00"
"Democratic Republic of Congo";"2020";"Zinc";"71";"58.491.756";"15928197";"4.64706050471313";"464706050471313,00"
"Democratic Republic of Congo";"2020";"Tin";"2231";"58.491.756";"15928197";"4.64706050471313";"464706050471313,00"
"Democratic Republic of Congo";"2020";"Lead";"50";"58.491.756";"15928197";"4.64706050471313";"464706050471313,00"
"Democratic Republic of Congo";"2019";"Copper";"513";"55.235.157";"12750058";"0.965558413942481";"965558413942481,00"
"Democratic Republic of Congo";"2019";"Gold";"3046349";"55.235.157";"12750058";"0.965558413942481";"965558413942481,00"
"Democratic Republic of Congo";"2019";"Zinc";"71";"55.235.157";"12750058";"0.965558413942481";"965558413942481,00"
"Democratic Republic of Congo";"2019";"Tin";"2231";"55.235.157";"12750058";"0.965558413942481";"965558413942481,00"
"Democratic Republic of Congo";"2019";"Lead";"50";"55.235.157";"12750058";"0.965558413942481";"965558413942481,00"
"Democratic Republic of Congo";"2018";"Copper";"513";"6.991.973";"18416777";"6.35448409364924";"635448409364924,00"
"Democratic Republic of Congo";"2018";"Gold";"3046349";"6.991.973";"18416777";"6.35448409364924";"635448409364924,00"
"Democratic Republic of Congo";"2018";"Zinc";"71";"6.991.973";"18416777";"6.35448409364924";"635448409364924,00"
"Democratic Republic of Congo";"2018";"Tin";"2231";"6.991.973";"18416777";"6.35448409364924";"635448409364924,00"
"Democratic Republic of Congo";"2018";"Lead";"50";"6.991.973";"18416777";"6.35448409364924";"635448409364924,00"
"Democratic Republic of Congo";"2017";"Copper";"513";"7.429.138";"24765656";"1.0961600485824";"10961600485824,00"
"Democratic Republic of Congo";"2017";"Gold";"3046349";"7.429.138";"24765656";"1.0961600485824";"10961600485824,00"
"Democratic Republic of Congo";"2017";"Zinc";"71";"7.429.138";"24765656";"1.0961600485824";"10961600485824,00"
"Democratic Republic of Congo";"2017";"Tin";"2231";"7.429.138";"24765656";"1.0961600485824";"10961600485824,00"
"Democratic Republic of Congo";"2017";"Lead";"50";"7.429.138";"24765656";"1.0961600485824";"10961600485824,00"
"Democratic Republic of Congo";"2016";"Copper";"513";"5.592.521";"20572123";"1.75595798960476";"175595798960476,00"
"Democratic Republic of Congo";"2016";"Gold";"3046349";"5.592.521";"20572123";"1.75595798960476";"175595798960476,00"
"Democratic Republic of Congo";"2016";"Zinc";"71";"5.592.521";"20572123";"1.75595798960476";"175595798960476,00"
"Democratic Republic of Congo";"2016";"Tin";"2231";"5.592.521";"20572123";"1.75595798960476";"175595798960476,00"
"Democratic Republic of Congo";"2016";"Lead";"50";"5.592.521";"20572123";"1.75595798960476";"175595798960476,00"
"Democratic Republic of Congo";"2015";"Copper";"513";"5.933.243";"20109392";"2.5981122948294";"25981122948294,00"
"Democratic Republic of Congo";"2015";"Gold";"3046349";"5.933.243";"20109392";"2.5981122948294";"25981122948294,00"
"Democratic Republic of Congo";"2015";"Zinc";"71";"5.933.243";"20109392";"2.5981122948294";"25981122948294,00"
"Democratic Republic of Congo";"2015";"Tin";"2231";"5.933.243";"20109392";"2.5981122948294";"25981122948294,00"
"Democratic Republic of Congo";"2015";"Lead";"50";"5.933.243";"20109392";"2.5981122948294";"25981122948294,00"
"Democratic Republic of Congo";"2014";"Copper";"513";"7.869.015";"24556877";"5.51676072300578";"551676072300578,00"
"Democratic Republic of Congo";"2014";"Gold";"3046349";"7.869.015";"24556877";"5.51676072300578";"551676072300578,00"
"Democratic Republic of Congo";"2014";"Zinc";"71";"7.869.015";"24556877";"5.51676072300578";"551676072300578,00"
"Democratic Republic of Congo";"2014";"Tin";"2231";"7.869.015";"24556877";"5.51676072300578";"551676072300578,00"
"Democratic Republic of Congo";"2014";"Lead";"50";"7.869.015";"24556877";"5.51676072300578";"551676072300578,00"
"Democratic Republic of Congo";"2013";"Copper";"513";"7.746.594";"2574622";"6.03646928964895";"603646928964895,00"
"Democratic Republic of Congo";"2013";"Gold";"3046349";"7.746.594";"2574622";"6.03646928964895";"603646928964895,00"
"Democratic Republic of Congo";"2013";"Zinc";"71";"7.746.594";"2574622";"6.03646928964895";"603646928964895,00"
"Democratic Republic of Congo";"2013";"Tin";"2231";"7.746.594";"2574622";"6.03646928964895";"603646928964895,00"
"Democratic Republic of Congo";"2013";"Lead";"50";"7.746.594";"2574622";"6.03646928964895";"603646928964895,00"
"Democratic Republic of Congo";"2012";"Copper";"513";"68.351.715";"2712297";"4.93627649411554";"493627649411554,00"
"Democratic Republic of Congo";"2012";"Gold";"3046349";"68.351.715";"2712297";"4.93627649411554";"493627649411554,00"
"Democratic Republic of Congo";"2012";"Zinc";"71";"68.351.715";"2712297";"4.93627649411554";"493627649411554,00"
"Democratic Republic of Congo";"2012";"Tin";"2231";"68.351.715";"2712297";"4.93627649411554";"493627649411554,00"
"Democratic Republic of Congo";"2012";"Lead";"50";"68.351.715";"2712297";"4.93627649411554";"493627649411554,00"
"Democratic Republic of Congo";"2011";"Copper";"513";"8.519.814";"28883047";"5.53212841275285";"553212841275285,00"
"Democratic Republic of Congo";"2011";"Gold";"3046349";"8.519.814";"28883047";"5.53212841275285";"553212841275285,00"
"Democratic Republic of Congo";"2011";"Zinc";"71";"8.519.814";"28883047";"5.53212841275285";"553212841275285,00"
"Democratic Republic of Congo";"2011";"Tin";"2231";"8.519.814";"28883047";"5.53212841275285";"553212841275285,00"
"Democratic Republic of Congo";"2011";"Lead";"50";"8.519.814";"28883047";"5.53212841275285";"553212841275285,00"
"Democratic Republic of Congo";"2010";"Copper";"513";"9.074.761";"25960884";"3.09750812929881";"309750812929881,00"
"Democratic Republic of Congo";"2010";"Gold";"3046349";"9.074.761";"25960884";"3.09750812929881";"309750812929881,00"
"Democratic Republic of Congo";"2010";"Zinc";"71";"9.074.761";"25960884";"3.09750812929881";"309750812929881,00"
"Democratic Republic of Congo";"2010";"Tin";"2231";"9.074.761";"25960884";"3.09750812929881";"309750812929881,00"
"Democratic Republic of Congo";"2010";"Lead";"50";"9.074.761";"25960884";"3.09750812929881";"309750812929881,00"
"Democratic Republic of Congo";"2009";"Copper";"513";"6.294.688";"282618";"1.70169462453907";"170169462453907,00"
"Democratic Republic of Congo";"2009";"Gold";"3046349";"6.294.688";"282618";"1.70169462453907";"170169462453907,00"
"Democratic Republic of Congo";"2009";"Zinc";"71";"6.294.688";"282618";"1.70169462453907";"170169462453907,00"
"Democratic Republic of Congo";"2009";"Tin";"2231";"6.294.688";"282618";"1.70169462453907";"170169462453907,00"
"Democratic Republic of Congo";"2009";"Lead";"50";"6.294.688";"282618";"1.70169462453907";"170169462453907,00"
"Democratic Republic of Congo";"2008";"Copper";"513";"8.377.229";"28458406";"1.69599160212922";"169599160212922,00"
"Democratic Republic of Congo";"2008";"Gold";"3046349";"8.377.229";"28458406";"1.69599160212922";"169599160212922,00"
"Democratic Republic of Congo";"2008";"Zinc";"71";"8.377.229";"28458406";"1.69599160212922";"169599160212922,00"
"Democratic Republic of Congo";"2008";"Tin";"2231";"8.377.229";"28458406";"1.69599160212922";"169599160212922,00"
"Democratic Republic of Congo";"2008";"Lead";"50";"8.377.229";"28458406";"1.69599160212922";"169599160212922,00"
"Democratic Republic of Congo";"2007";"Copper";"513";"8.014.205";"25763708";"0.722497720971455";"722497720971455,00"
"Democratic Republic of Congo";"2007";"Gold";"3046349";"8.014.205";"25763708";"0.722497720971455";"722497720971455,00"
"Democratic Republic of Congo";"2007";"Zinc";"71";"8.014.205";"25763708";"0.722497720971455";"722497720971455,00"
"Democratic Republic of Congo";"2007";"Tin";"2231";"8.014.205";"25763708";"0.722497720971455";"722497720971455,00"
"Democratic Republic of Congo";"2007";"Lead";"50";"8.014.205";"25763708";"0.722497720971455";"722497720971455,00"
"Democratic Republic of Congo";"2006";"Copper";"513";"4.796.326";"24025816";"1.39844190594268";"139844190594268,00"
"Democratic Republic of Congo";"2006";"Gold";"3046349";"4.796.326";"24025816";"1.39844190594268";"139844190594268,00"
"Democratic Republic of Congo";"2006";"Zinc";"71";"4.796.326";"24025816";"1.39844190594268";"139844190594268,00"
"Democratic Republic of Congo";"2006";"Tin";"2231";"4.796.326";"24025816";"1.39844190594268";"139844190594268,00"
"Democratic Republic of Congo";"2006";"Lead";"50";"4.796.326";"24025816";"1.39844190594268";"139844190594268,00"
"Democratic Republic of Congo";"2005";"Copper";"513";"52.314.606";"23742865";"0.321173010843284";"321173010843284,00"
"Democratic Republic of Congo";"2005";"Gold";"3046349";"52.314.606";"23742865";"0.321173010843284";"321173010843284,00"
"Democratic Republic of Congo";"2005";"Zinc";"71";"52.314.606";"23742865";"0.321173010843284";"321173010843284,00"
"Democratic Republic of Congo";"2005";"Tin";"2231";"52.314.606";"23742865";"0.321173010843284";"321173010843284,00"
"Democratic Republic of Congo";"2005";"Lead";"50";"52.314.606";"23742865";"0.321173010843284";"321173010843284,00"
"Democratic Republic of Congo";"2004";"Copper";"513";"49.336.414";"24086422";"0.11347332266743";"11347332266743,00"
"Democratic Republic of Congo";"2004";"Gold";"3046349";"49.336.414";"24086422";"0.11347332266743";"11347332266743,00"
"Democratic Republic of Congo";"2004";"Zinc";"71";"49.336.414";"24086422";"0.11347332266743";"11347332266743,00"
"Democratic Republic of Congo";"2004";"Tin";"2231";"49.336.414";"24086422";"0.11347332266743";"11347332266743,00"
"Democratic Republic of Congo";"2004";"Lead";"50";"49.336.414";"24086422";"0.11347332266743";"11347332266743,00"
"Democratic Republic of Congo";"2003";"Copper";"513";"54.031.357";"29553356";"0.109219313986283";"109219313986283,00"
"Democratic Republic of Congo";"2003";"Gold";"3046349";"54.031.357";"29553356";"0.109219313986283";"109219313986283,00"
"Democratic Republic of Congo";"2003";"Zinc";"71";"54.031.357";"29553356";"0.109219313986283";"109219313986283,00"
"Democratic Republic of Congo";"2003";"Tin";"2231";"54.031.357";"29553356";"0.109219313986283";"109219313986283,00"
"Democratic Republic of Congo";"2003";"Lead";"50";"54.031.357";"29553356";"0.109219313986283";"109219313986283,00"
"Democratic Republic of Congo";"2002";"Copper";"513";"29.316.845";"18867685";"0.006635753735583";"663575373558305,00"
"Democratic Republic of Congo";"2002";"Gold";"3046349";"29.316.845";"18867685";"0.006635753735583";"663575373558305,00"
"Democratic Republic of Congo";"2002";"Zinc";"71";"29.316.845";"18867685";"0.006635753735583";"663575373558305,00"
"Democratic Republic of Congo";"2002";"Tin";"2231";"29.316.845";"18867685";"0.006635753735583";"663575373558305,00"
"Democratic Republic of Congo";"2002";"Lead";"50";"29.316.845";"18867685";"0.006635753735583";"663575373558305,00"
"Democratic Republic of Congo";"2001";"Copper";"513";"25.041.937";"1842001";"0.0092236942518984";"922369425189844,00"
"Democratic Republic of Congo";"2001";"Gold";"3046349";"25.041.937";"1842001";"0.0092236942518984";"922369425189844,00"
"Democratic Republic of Congo";"2001";"Zinc";"71";"25.041.937";"1842001";"0.0092236942518984";"922369425189844,00"
"Democratic Republic of Congo";"2001";"Tin";"2231";"25.041.937";"1842001";"0.0092236942518984";"922369425189844,00"
"Democratic Republic of Congo";"2001";"Lead";"50";"25.041.937";"1842001";"0.0092236942518984";"922369425189844,00"
"Democratic Republic of Congo";"2000";"Copper";"513";"27.014.402";"75112605";"0.0057162541601475";"571625416014751,00"
"Democratic Republic of Congo";"2000";"Gold";"3046349";"27.014.402";"75112605";"0.0057162541601475";"571625416014751,00"
"Democratic Republic of Congo";"2000";"Zinc";"71";"27.014.402";"75112605";"0.0057162541601475";"571625416014751,00"
"Democratic Republic of Congo";"2000";"Tin";"2231";"27.014.402";"75112605";"0.0057162541601475";"571625416014751,00"
"Democratic Republic of Congo";"2000";"Lead";"50";"27.014.402";"75112605";"0.0057162541601475";"571625416014751,00"
"Democratic Republic of Congo";"1999";"Copper";"513";"4.117.766";"28496578";"0.0324315319664581";"324315319664581,00"
"Democratic Republic of Congo";"1999";"Gold";"3046349";"4.117.766";"28496578";"0.0324315319664581";"324315319664581,00"
"Democratic Republic of Congo";"1999";"Zinc";"71";"4.117.766";"28496578";"0.0324315319664581";"324315319664581,00"
"Democratic Republic of Congo";"1999";"Tin";"2231";"4.117.766";"28496578";"0.0324315319664581";"324315319664581,00"
"Democratic Republic of Congo";"1999";"Lead";"50";"4.117.766";"28496578";"0.0324315319664581";"324315319664581,00"
"Democratic Republic of Congo";"1998";"Copper";"513";"62.679.306";"321829";"0.0234409299796556";"234409299796556,00"
"Democratic Republic of Congo";"1998";"Gold";"3046349";"62.679.306";"321829";"0.0234409299796556";"234409299796556,00"
"Democratic Republic of Congo";"1998";"Zinc";"71";"62.679.306";"321829";"0.0234409299796556";"234409299796556,00"
"Democratic Republic of Congo";"1998";"Tin";"2231";"62.679.306";"321829";"0.0234409299796556";"234409299796556,00"
"Democratic Republic of Congo";"1998";"Lead";"50";"62.679.306";"321829";"0.0234409299796556";"234409299796556,00"
"Democratic Republic of Congo";"1997";"Copper";"513";"33.75";"32227806";"0.0321474008201022";"321474008201022,00"
"Democratic Republic of Congo";"1997";"Gold";"3046349";"33.75";"32227806";"0.0321474008201022";"321474008201022,00"
"Democratic Republic of Congo";"1997";"Zinc";"71";"33.75";"32227806";"0.0321474008201022";"321474008201022,00"
"Democratic Republic of Congo";"1997";"Tin";"2231";"33.75";"32227806";"0.0321474008201022";"321474008201022,00"
"Democratic Republic of Congo";"1997";"Lead";"50";"33.75";"32227806";"0.0321474008201022";"321474008201022,00"
"Democratic Republic of Congo";"1996";"Copper";"513";"60.316.257";"36299034";"0.0915969164936165";"915969164936165,00"
"Democratic Republic of Congo";"1996";"Gold";"3046349";"60.316.257";"36299034";"0.0915969164936165";"915969164936165,00"
"Democratic Republic of Congo";"1996";"Zinc";"71";"60.316.257";"36299034";"0.0915969164936165";"915969164936165,00"
"Democratic Republic of Congo";"1996";"Tin";"2231";"60.316.257";"36299034";"0.0915969164936165";"915969164936165,00"
"Democratic Republic of Congo";"1996";"Lead";"50";"60.316.257";"36299034";"0.0915969164936165";"915969164936165,00"
"Democratic Republic of Congo";"1995";"Copper";"513";"5.220.853";"3629214";"0.0626111481512266";"626111481512266,00"
"Democratic Republic of Congo";"1995";"Gold";"3046349";"5.220.853";"3629214";"0.0626111481512266";"626111481512266,00"
"Democratic Republic of Congo";"1995";"Zinc";"71";"5.220.853";"3629214";"0.0626111481512266";"626111481512266,00"
"Democratic Republic of Congo";"1995";"Tin";"2231";"5.220.853";"3629214";"0.0626111481512266";"626111481512266,00"
"Democratic Republic of Congo";"1995";"Lead";"50";"5.220.853";"3629214";"0.0626111481512266";"626111481512266,00"
"Democratic Republic of Congo";"1994";"Copper";"513";"42.516.724";"23563374";"0.0814921213015714";"814921213015714,00"
"Democratic Republic of Congo";"1994";"Gold";"3046349";"42.516.724";"23563374";"0.0814921213015714";"814921213015714,00"
"Democratic Republic of Congo";"1994";"Zinc";"71";"42.516.724";"23563374";"0.0814921213015714";"814921213015714,00"
"Democratic Republic of Congo";"1994";"Tin";"2231";"42.516.724";"23563374";"0.0814921213015714";"814921213015714,00"
"Democratic Republic of Congo";"1994";"Lead";"50";"42.516.724";"23563374";"0.0814921213015714";"814921213015714,00"
"Kenya";"2024";"Aluminum";"7";"30.293.299";"null";"";""
"Kenya";"2023";"Aluminum";"7";"3.209.208";"null";"";""
"Kenya";"2022";"Aluminum";"7";"3.369.114";"null";"";""
"Kenya";"2021";"Aluminum";"7";"30.824.303";"12279285";"0.0044554189245117";"445541892451174,00"
"Kenya";"2020";"Aluminum";"7";"27.237.816";"1268812";"0.0013592471943094";"135924719430947,00"
"Kenya";"2019";"Aluminum";"7";"31.759.462";"12271842";"0.0030500549998442";"305005499984422,00"
"Kenya";"2018";"Aluminum";"7";"34.414.753";"13613247";"0.0036132648204844";"361326482048449,00"
"Kenya";"2017";"Aluminum";"7";"35.995.056";"2314356";"0.0039943073185837";"399430731858373,00"
"Kenya";"2016";"Aluminum";"7";"3.486.502";"26583984";"0.0017093791670903";"170937916709035,00"
"Kenya";"2015";"Aluminum";"7";"40.327.385";"270967";"0.0013006116090814";"13006116090814,00"
"Kenya";"2014";"Aluminum";"7";"4.617.049";"26431093";"0.002684850147859";"268485014785905,00"
"Kenya";"2013";"Aluminum";"7";"4.746.464";"26694021";"0.0383666536582527";"383666536582527,00"
"Kenya";"2012";"Aluminum";"7";"5.162.369";"2908883";"0.107666137221843";"107666137221843,00"
"Kenya";"2011";"Aluminum";"7";"58.402.206";"29431872";"0.0615321728082308";"615321728082308,00"
"Kenya";"2010";"Aluminum";"7";"50.394.287";"26730793";"0.0540075692489694";"540075692489694,00"
"Kenya";"2009";"Aluminum";"7";"4.594.519";"32457237";"0.0193193173028123";"193193173028123,00"
"Kenya";"2008";"Aluminum";"7";"57.578.598";"36388688";"0.005268856683631";"526885668363104,00"
"Kenya";"2007";"Aluminum";"7";"5.389.479";"36338985";"0.041713417285429";"41713417285429,00"
"Kenya";"2006";"Aluminum";"7";"55.236.485";"29504185";"0.0065195541019616";"651955410196164,00"
"Kenya";"2005";"Aluminum";"7";"6.447.887";"40769362";"0.0045928340512202";"45928340512202,00"
"Kenya";"2004";"Aluminum";"7";"59.477.005";"4123678";"0.0030929899357393";"309298993573939,00"
"Kenya";"2003";"Aluminum";"7";"54.132.267";"50854216";"0.0093919016067384";"939190160673842,00"
"Kenya";"2002";"Aluminum";"7";"55.172.672";"3739544";"0.0286296605268911";"286296605268911,00"
"Kenya";"2001";"Aluminum";"7";"55.946.835";"31416206";"0.01684078474539";"1684078474539,00"
"Kenya";"2000";"Aluminum";"7";"53.309.044";"33139675";"0.0148868648403191";"148868648403191,00"
"Kenya";"1999";"Aluminum";"7";"48.192.276";"32687073";"0.0071227167585658";"71227167585658,00"
"Kenya";"1998";"Aluminum";"7";"48.897.243";"45343933";"0.0038898731142866";"388987311428662,00"
"Kenya";"1997";"Aluminum";"7";"54.057.117";"4732982";"0.005819099120481";"581909912048103,00"
"Kenya";"1996";"Aluminum";"7";"5.731.211";"54907627";"0.0068988018550645";"689880185506453,00"
"Kenya";"1995";"Aluminum";"7";"7.174.574";"72862477";"0.0020534034506597";"205340345065973,00"
"Kenya";"1994";"Aluminum";"7";"7.126.613";"63377976";"0.0078694799704854";"786947997048543,00"
"Kenya";"1993";"Aluminum";"7";"7.285.848";"6771411";"0.001103183162931";"110318316293102,00"
"Kenya";"1992";"Aluminum";"7";"5.293.087";"53778114";"0.0001038265139416";"103826513941656,00"
"Kenya";"1991";"Aluminum";"7";"555.977";"51987486";"0.0003311540384518";"331154038451821,00"
"Kenya";"1990";"Aluminum";"7";"57.020.912";"49638987";"0.0015306558923733";"15306558923733,00"
"Kenya";"1989";"Aluminum";"7";"53.156.376";"4189091";"0.0007734542855177";"773454285517721,00"
"Kenya";"1988";"Aluminum";"7";"49.974.983";"39152315";"0.0011751455941664";"117514559416642,00"
"Kenya";"1987";"Aluminum";"7";"47.702.766";"39052126";"0.0058086090145684";"580860901456844,00"
"Kenya";"1986";"Aluminum";"7";"55.741.386";"41205";"0.0010583495949262";"105834959492625,00"
"Kenya";"1985";"Aluminum";"7";"55.445.435";"32487257";"0.0001940671055539";"194067105553904,00"
"Kenya";"1984";"Aluminum";"7";"58.803.898";"39090247";"0.0003552717085569";"355271708556921,00"
"Kenya";"1983";"Aluminum";"7";"54.162.704";"4184525";"7.85645924547409e-05";"7856459245,47"
"Kenya";"1982";"Aluminum";"7";"58.215.736";"57592964";"1.65919829477089e-05";"1659198294,77"
"Kenya";"1981";"Aluminum";"7";"6.428.019";"38683453";"2.28180423188945e-05";"2281804231,89"
"Kenya";"1980";"Aluminum";"7";"65.416.794";"4142263";"0.0001380625161212";"138062516121249,00"
"Kenya";"1979";"Aluminum";"7";"57.364.174";"4054322";"6.8855250251172e-05";"688552502,51"
"Kenya";"1978";"Aluminum";"7";"6.762.354";"46449666";"0.0";"0,00"
"Kenya";"1977";"Aluminum";"7";"6.655.196";"50304227";"0.0";"0,00"
"Kenya";"1976";"Aluminum";"7";"6.420.611";"36935596";"0.0";"0,00"
"Kenya";"1975";"Aluminum";"7";"64.335.266";"41821814";"0.0009017793616395";"901779361639546,00"
"Kenya";"1974";"Aluminum";"7";"745.734";"33078904";"0.0022375914417424";"223759144174242,00"
"Kenya";"1973";"Aluminum";"7";"56.062.847";"33772416";"0.0023163691336805";"231636913368057,00"
"Kenya";"1972";"Aluminum";"7";"55.314.907";"23585944";"0.0014346089204575";"143460892045757,00"
"Kenya";"1971";"Aluminum";"7";"63.828.465";"25376384";"0.0018394738776212";"183947387762122,00"
"Kenya";"1970";"Aluminum";"7";"60.489.643";"32630692";"0.003197271199584";"319727119958405,00"
"Kenya";"1969";"Aluminum";"7";"57.617.355";"null";"";""
"Kenya";"1968";"Aluminum";"7";"5.869.817";"null";"";""
"Kenya";"1967";"Aluminum";"7";"57.837.345";"null";"";""
"Kenya";"1966";"Aluminum";"7";"63.284.435";"null";"";""
"Kenya";"1965";"Aluminum";"7";"6.209.317";"null";"";""
"Kenya";"1964";"Aluminum";"7";"62.601.643";"null";"";""
"Kenya";"1963";"Aluminum";"7";"60.995.712";"null";"";""
"Kenya";"1962";"Aluminum";"7";"62.162.964";"null";"";""
"Kenya";"1961";"Aluminum";"7";"63.847.122";"null";"";""
"Kenya";"1960";"Aluminum";"7";"64.765.854";"null";"";""
"Rwanda";"2024";"null";"null";"69.954.414";"null";"";""
"Rwanda";"2023";"null";"null";"64.906.906";"null";"";""
"Rwanda";"2022";"null";"null";"6.114.508";"null";"";""
"Rwanda";"2021";"null";"null";"5.429.383";"4017236";"0.0";"0,00"
"Rwanda";"2020";"null";"null";"5.518.795";"41048183";"0.0";"0,00"
"Rwanda";"2019";"null";"null";"57.975.662";"38170903";"0.0";"0,00"
"Rwanda";"2018";"null";"null";"55.784.126";"4713876";"0.0082772977470472";"82772977470472,00"
"Rwanda";"2017";"null";"null";"53.675.266";"601493";"0.0239098885362315";"239098885362315,00"
"Rwanda";"2016";"null";"null";"49.484.905";"5998621";"0.0324083686809883";"324083686809883,00"
"Rwanda";"2015";"null";"null";"45.201.977";"5778139";"0.0238279028328901";"238279028328901,00"
"Rwanda";"2014";"null";"null";"43.902.733";"6452155";"0.0204439140553812";"204439140553812,00"
"Rwanda";"2013";"null";"null";"42.693.493";"6504756";"0.004301543129432";"430154312943201,00"
"Rwanda";"2012";"null";"null";"40.540.863";"63942327";"0.0040534972242336";"405349722423366,00"
"Rwanda";"2011";"null";"null";"39.716.103";"6995657";"0.30104335160195";"30104335160195,00"
"Rwanda";"2010";"null";"null";"37.278.877";"64865527";"0.162899039204219";"162899039204219,00"
"Rwanda";"2009";"null";"null";"3.680.563";"6935423";"0.0252013018998706";"252013018998706,00"
"Rwanda";"2008";"null";"null";"3.760.451";"8305801";"0.125607231185673";"125607231185673,00"
"Rwanda";"2007";"null";"null";"35.970.974";"6225724";"0.0512538935161418";"512538935161418,00"
"Rwanda";"2006";"null";"null";"33.221.436";"5296492";"0.0019044082377978";"190440823779788,00"
"Rwanda";"2005";"null";"null";"34.216.537";"59570255";"0.0004807369492169";"480736949216968,00"
"Rwanda";"2004";"null";"null";"33.461.674";"70204396";"0.0001858071353999";"185807135399956,00"
"Rwanda";"2003";"null";"null";"29.310.625";"907683";"0.0004380562369676";"438056236967658,00"
"Rwanda";"2002";"null";"null";"27.609.438";"64377694";"0.0012976509388236";"129765093882366,00"
"Rwanda";"2001";"null";"null";"2.919.891";"53751054";"0.0007202332926922";"720233292692277,00"
"Rwanda";"2000";"null";"null";"27.484.863";"50349655";"0.0007338962569213";"733896256921327,00"
"Rwanda";"1999";"null";"null";"27.333.536";"6481645";"0.0004268861865878";"426886186587881,00"
"Rwanda";"1998";"null";"null";"28.794.464";"10874303";"0.0012080382667395";"12080382667395,00"
"Rwanda";"1997";"null";"null";"3.346.746";"11128919";"0.000932840921024";"932840921024069,00"
"Rwanda";"1996";"null";"null";"32.230.064";"125562105";"0.0001986367029591";"19863670295911,00"
"Rwanda";"1995";"null";"null";"30.972.174";"12582017";"0.0021092507370642";"210925073706423,00"
"Rwanda";"1994";"null";"null";"7.109.563";"16235678";"0.0";"0,00"
"Rwanda";"1993";"null";"null";"25.679.007";"4955066";"0.0";"0,00"
"Rwanda";"1992";"null";"null";"23.831.448";"60994787";"0.0";"0,00"
"Rwanda";"1991";"null";"null";"25.371.973";"6406209";"0.0305069471097868";"305069471097868,00"
"Rwanda";"1990";"null";"null";"19.684.158";"4725832";"0.0116661127078809";"116661127078809,00"
"Rwanda";"1989";"null";"null";"23.427.773";"4758145";"0.0138463162716646";"138463162716646,00"
"Rwanda";"1988";"null";"null";"24.222.847";"4164756";"0.0008735897586506";"873589758650635,00"
"Rwanda";"1987";"null";"null";"26.591.282";"425486";"0.0006748489689445";"674848968944553,00"
"Rwanda";"1986";"null";"null";"32.738.834";"4909083";"0.0003148245891366";"314824589136631,00"
"Rwanda";"1985";"null";"null";"30.669.895";"3666745";"0.0737142129282434";"737142129282434,00"
"Rwanda";"1984";"null";"null";"32.295.692";"5287495";"0.13056233910094";"13056233910094,00"
"Rwanda";"1983";"null";"null";"32.340.755";"59102736";"0.161764285935113";"161764285935113,00"
"Rwanda";"1982";"null";"null";"3.570.305";"9337139";"0.160939420162467";"160939420162467,00"
"Rwanda";"1981";"null";"null";"31.580.235";"6818114";"0.222060387449832";"222060387449832,00"
"Rwanda";"1980";"null";"null";"40.818.596";"8895766";"0.461159477931911";"461159477931911,00"
"Rwanda";"1979";"null";"null";"4.379.744";"8065241";"0.4291595691384";"4291595691384,00"
"Rwanda";"1978";"null";"null";"3.858.112";"10955652";"0.402539861534328";"402539861534328,00"
"Rwanda";"1977";"null";"null";"31.927.965";"12721471";"0.428654323905429";"428654323905429,00"
"Rwanda";"1976";"null";"null";"3.397.446";"75170674";"0.168734515715631";"168734515715631,00"
"Rwanda";"1975";"null";"null";"26.871.328";"9104727";"0.101219157471323";"101219157471323,00"
"Rwanda";"1974";"null";"null";"33.507.675";"12863239";"0.603148140622572";"603148140622572,00"
"Rwanda";"1973";"null";"null";"25.040.985";"11254202";"0.0884535177210507";"884535177210507,00"
"Rwanda";"1972";"null";"null";"24.537.445";"74611464";"0.0";"0,00"
"Rwanda";"1971";"null";"null";"27.080.523";"7162882";"0.0";"0,00"
"Rwanda";"1970";"null";"null";"26.739.426";"8509226";"0.0990724577447902";"990724577447902,00"
"Rwanda";"1969";"null";"null";"22.034.971";"null";"";""
"Rwanda";"1968";"null";"null";"23.879.208";"null";"";""
"Rwanda";"1967";"null";"null";"25.925.041";"null";"";""
"Rwanda";"1966";"null";"null";"31.277.536";"null";"";""
"Rwanda";"1965";"null";"null";"29.032.263";"null";"";""
"Rwanda";"1964";"null";"null";"24.615.385";"null";"";""
"Rwanda";"1963";"null";"null";"18.593.752";"null";"";""
"Rwanda";"1962";"null";"null";"22.079.998";"null";"";""
"Rwanda";"1961";"null";"null";"21.311.472";"null";"";""
"Rwanda";"1960";"null";"null";"22.521.004";"null";"";""
"Tanzania";"2024";"Gold";"3046349";"41.513.123";"null";"";""
"Tanzania";"2024";"Silver";"22378";"41.513.123";"null";"";""
"Tanzania";"2024";"Nickel";"250";"41.513.123";"null";"";""
"Tanzania";"2023";"Gold";"3046349";"38.212.036";"null";"";""
"Tanzania";"2023";"Silver";"22378";"38.212.036";"null";"";""
"Tanzania";"2023";"Nickel";"250";"38.212.036";"null";"";""
"Tanzania";"2022";"Gold";"3046349";"35.003.452";"null";"";""
"Tanzania";"2022";"Silver";"22378";"35.003.452";"null";"";""
"Tanzania";"2022";"Nickel";"250";"35.003.452";"null";"";""
"Tanzania";"2021";"Gold";"3046349";"29.915.184";"6693709";"3.13150185309562";"313150185309562,00"
"Tanzania";"2021";"Silver";"22378";"29.915.184";"6693709";"3.13150185309562";"313150185309562,00"
"Tanzania";"2021";"Nickel";"250";"29.915.184";"6693709";"3.13150185309562";"313150185309562,00"
"Tanzania";"2020";"Gold";"3046349";"27.963.015";"3851695";"0.913163027995809";"913163027995809,00"
"Tanzania";"2020";"Silver";"22378";"27.963.015";"3851695";"0.913163027995809";"913163027995809,00"
"Tanzania";"2020";"Nickel";"250";"27.963.015";"3851695";"0.913163027995809";"913163027995809,00"
"Tanzania";"2019";"Gold";"3046349";"3.301.859";"35314505";"0.80584423681341";"80584423681341,00"
"Tanzania";"2019";"Silver";"22378";"3.301.859";"35314505";"0.80584423681341";"80584423681341,00"
"Tanzania";"2019";"Nickel";"250";"3.301.859";"35314505";"0.80584423681341";"80584423681341,00"
"Tanzania";"2018";"Gold";"3046349";"3.264.261";"36115973";"0.656822870613861";"656822870613861,00"
"Tanzania";"2018";"Silver";"22378";"3.264.261";"36115973";"0.656822870613861";"656822870613861,00"
"Tanzania";"2018";"Nickel";"250";"3.264.261";"36115973";"0.656822870613861";"656822870613861,00"
"Tanzania";"2017";"Gold";"3046349";"3.311.259";"51361675";"0.963745857846674";"963745857846674,00"
"Tanzania";"2017";"Silver";"22378";"3.311.259";"51361675";"0.963745857846674";"963745857846674,00"
"Tanzania";"2017";"Nickel";"250";"3.311.259";"51361675";"0.963745857846674";"963745857846674,00"
"Tanzania";"2016";"Gold";"3046349";"3.542.047";"56160383";"1.14616989708091";"114616989708091,00"
"Tanzania";"2016";"Silver";"22378";"3.542.047";"56160383";"1.14616989708091";"114616989708091,00"
"Tanzania";"2016";"Nickel";"250";"3.542.047";"56160383";"1.14616989708091";"114616989708091,00"
"Tanzania";"2015";"Gold";"3046349";"4.075.768";"5301939";"0.891009638671073";"891009638671073,00"
"Tanzania";"2015";"Silver";"22378";"4.075.768";"5301939";"0.891009638671073";"891009638671073,00"
"Tanzania";"2015";"Nickel";"250";"4.075.768";"5301939";"0.891009638671073";"891009638671073,00"
"Tanzania";"2014";"Gold";"3046349";"4.535.602";"50469055";"0.948716534707435";"948716534707435,00"
"Tanzania";"2014";"Silver";"22378";"4.535.602";"50469055";"0.948716534707435";"948716534707435,00"
"Tanzania";"2014";"Nickel";"250";"4.535.602";"50469055";"0.948716534707435";"948716534707435,00"
"Tanzania";"2013";"Gold";"3046349";"48.631.626";"57672353";"1.48753163350597";"148753163350597,00"
"Tanzania";"2013";"Silver";"22378";"48.631.626";"57672353";"1.48753163350597";"148753163350597,00"
"Tanzania";"2013";"Nickel";"250";"48.631.626";"57672353";"1.48753163350597";"148753163350597,00"
"Tanzania";"2012";"Gold";"3046349";"5.436.895";"683252";"2.016778995862";"2016778995862,00"
"Tanzania";"2012";"Silver";"22378";"5.436.895";"683252";"2.016778995862";"2016778995862,00"
"Tanzania";"2012";"Nickel";"250";"5.436.895";"683252";"2.016778995862";"2016778995862,00"
"Tanzania";"2011";"Gold";"3046349";"56.166.122";"73364615";"2.44207999406088";"244207999406088,00"
"Tanzania";"2011";"Silver";"22378";"56.166.122";"73364615";"2.44207999406088";"244207999406088,00"
"Tanzania";"2011";"Nickel";"250";"56.166.122";"73364615";"2.44207999406088";"244207999406088,00"
"Tanzania";"2010";"Gold";"3046349";"47.640.438";"55594583";"1.16861584740275";"116861584740275,00"
"Tanzania";"2010";"Silver";"22378";"47.640.438";"55594583";"1.16861584740275";"116861584740275,00"
"Tanzania";"2010";"Nickel";"250";"47.640.438";"55594583";"1.16861584740275";"116861584740275,00"
"Tanzania";"2009";"Gold";"3046349";"435.326";"55362563";"0.518831952735647";"518831952735647,00"
"Tanzania";"2009";"Silver";"22378";"435.326";"55362563";"0.518831952735647";"518831952735647,00"
"Tanzania";"2009";"Nickel";"250";"435.326";"55362563";"0.518831952735647";"518831952735647,00"
"Tanzania";"2008";"Gold";"3046349";"49.026.543";"50765953";"0.0599306354908187";"599306354908187,00"
"Tanzania";"2008";"Silver";"22378";"49.026.543";"50765953";"0.0599306354908187";"599306354908187,00"
"Tanzania";"2008";"Nickel";"250";"49.026.543";"50765953";"0.0599306354908187";"599306354908187,00"
"Tanzania";"2007";"Gold";"3046349";"48.058.395";"62061033";"0.69282048018446";"69282048018446,00"
"Tanzania";"2007";"Silver";"22378";"48.058.395";"62061033";"0.69282048018446";"69282048018446,00"
"Tanzania";"2007";"Nickel";"250";"48.058.395";"62061033";"0.69282048018446";"69282048018446,00"
"Tanzania";"2006";"Gold";"3046349";"42.768.166";"55219636";"0.834153538720058";"834153538720058,00"
"Tanzania";"2006";"Silver";"22378";"42.768.166";"55219636";"0.834153538720058";"834153538720058,00"
"Tanzania";"2006";"Nickel";"250";"42.768.166";"55219636";"0.834153538720058";"834153538720058,00"
"Tanzania";"2005";"Gold";"3046349";"36.959.274";"4993588";"0.563540742466035";"563540742466035,00"
"Tanzania";"2005";"Silver";"22378";"36.959.274";"4993588";"0.563540742466035";"563540742466035,00"
"Tanzania";"2005";"Nickel";"250";"36.959.274";"4993588";"0.563540742466035";"563540742466035,00"
"Tanzania";"2004";"Gold";"3046349";"33.609.787";"5354294";"0.675575882725703";"675575882725703,00"
"Tanzania";"2004";"Silver";"22378";"33.609.787";"5354294";"0.675575882725703";"675575882725703,00"
"Tanzania";"2004";"Nickel";"250";"33.609.787";"5354294";"0.675575882725703";"675575882725703,00"
"Tanzania";"2003";"Gold";"3046349";"30.448.835";"6862737";"0.956733476626213";"956733476626213,00"
"Tanzania";"2003";"Silver";"22378";"30.448.835";"6862737";"0.956733476626213";"956733476626213,00"
"Tanzania";"2003";"Nickel";"250";"30.448.835";"6862737";"0.956733476626213";"956733476626213,00"
"Tanzania";"2002";"Gold";"3046349";"27.499.218";"48574734";"0.948511004130685";"948511004130685,00"
"Tanzania";"2002";"Silver";"22378";"27.499.218";"48574734";"0.948511004130685";"948511004130685,00"
"Tanzania";"2002";"Nickel";"250";"27.499.218";"48574734";"0.948511004130685";"948511004130685,00"
"Tanzania";"2001";"Gold";"3046349";"28.030.144";"40441246";"0.480449478004294";"480449478004294,00"
"Tanzania";"2001";"Silver";"22378";"28.030.144";"40441246";"0.480449478004294";"480449478004294,00"
"Tanzania";"2001";"Nickel";"250";"28.030.144";"40441246";"0.480449478004294";"480449478004294,00"
"Tanzania";"2000";"Gold";"3046349";"23.989.115";"37553358";"0.18068479964192";"18068479964192,00"
"Tanzania";"2000";"Silver";"22378";"23.989.115";"37553358";"0.18068479964192";"18068479964192,00"
"Tanzania";"2000";"Nickel";"250";"23.989.115";"37553358";"0.18068479964192";"18068479964192,00"
"Tanzania";"1999";"Gold";"3046349";"25.022.055";"37682076";"0.0346153799765856";"346153799765856,00"
"Tanzania";"1999";"Silver";"22378";"25.022.055";"37682076";"0.0346153799765856";"346153799765856,00"
"Tanzania";"1999";"Nickel";"250";"25.022.055";"37682076";"0.0346153799765856";"346153799765856,00"
"Tanzania";"1998";"Gold";"3046349";"26.143.642";"57296414";"0.0049125070278853";"491250702788535,00"
"Tanzania";"1998";"Silver";"22378";"26.143.642";"57296414";"0.0049125070278853";"491250702788535,00"
"Tanzania";"1998";"Nickel";"250";"26.143.642";"57296414";"0.0049125070278853";"491250702788535,00"
"Tanzania";"1997";"Gold";"3046349";"28.858.784";"8873321";"0.0052515888796606";"525158887966066,00"
"Tanzania";"1997";"Silver";"22378";"28.858.784";"8873321";"0.0052515888796606";"525158887966066,00"
"Tanzania";"1997";"Nickel";"250";"28.858.784";"8873321";"0.0052515888796606";"525158887966066,00"
"Tanzania";"1996";"Gold";"3046349";"35.726.505";"11299023";"0.0134547218892229";"134547218892229,00"
"Tanzania";"1996";"Silver";"22378";"35.726.505";"11299023";"0.0134547218892229";"134547218892229,00"
"Tanzania";"1996";"Nickel";"250";"35.726.505";"11299023";"0.0134547218892229";"134547218892229,00"
"Tanzania";"1995";"Gold";"3046349";"4.516.192";"14046666";"0.0065788208884327";"65788208884327,00"
"Tanzania";"1995";"Silver";"22378";"4.516.192";"14046666";"0.0065788208884327";"65788208884327,00"
"Tanzania";"1995";"Nickel";"250";"4.516.192";"14046666";"0.0065788208884327";"65788208884327,00"
"Tanzania";"1994";"Gold";"3046349";"44.236.767";"11613134";"0.225094256159074";"225094256159074,00"
"Tanzania";"1994";"Silver";"22378";"44.236.767";"11613134";"0.225094256159074";"225094256159074,00"
"Tanzania";"1994";"Nickel";"250";"44.236.767";"11613134";"0.225094256159074";"225094256159074,00"
"Tanzania";"1993";"Gold";"3046349";"45.236.496";"1072643";"0.0317863879643246";"317863879643246,00"
"Tanzania";"1993";"Silver";"22378";"45.236.496";"1072643";"0.0317863879643246";"317863879643246,00"
"Tanzania";"1993";"Nickel";"250";"45.236.496";"1072643";"0.0317863879643246";"317863879643246,00"
"Tanzania";"1992";"Gold";"3046349";"35.667.797";"1141063";"0.0417984179562874";"417984179562874,00"
"Tanzania";"1992";"Silver";"22378";"35.667.797";"1141063";"0.0417984179562874";"417984179562874,00"
"Tanzania";"1992";"Nickel";"250";"35.667.797";"1141063";"0.0417984179562874";"417984179562874,00"
"Tanzania";"1991";"Gold";"3046349";"30.231.623";"10016387";"0.0668564982306457";"668564982306457,00"
"Tanzania";"1991";"Silver";"22378";"30.231.623";"10016387";"0.0668564982306457";"668564982306457,00"
"Tanzania";"1991";"Nickel";"250";"30.231.623";"10016387";"0.0668564982306457";"668564982306457,00"
"Tanzania";"1990";"Gold";"3046349";"3.448.361";"11499738";"0.0169113058704723";"169113058704723,00"
"Tanzania";"1990";"Silver";"22378";"3.448.361";"11499738";"0.0169113058704723";"169113058704723,00"
"Tanzania";"1990";"Nickel";"250";"3.448.361";"11499738";"0.0169113058704723";"169113058704723,00"
"Uganda";"2024";"null";"null";"41.468.285";"null";"";""
"Uganda";"2023";"null";"null";"33.341.698";"null";"";""
"Uganda";"2022";"null";"null";"34.505.302";"null";"";""
"Uganda";"2021";"null";"null";"4.171.363";"747552";"0.0";"0,00"
"Uganda";"2020";"null";"null";"37.000.694";"75634904";"0.0";"0,00"
"Uganda";"2019";"null";"null";"39.361.053";"73883395";"0.0";"0,00"
"Uganda";"2018";"null";"null";"36.638.405";"8388883";"0.0";"0,00"
"Uganda";"2017";"null";"null";"3.683.705";"12130515";"0.0383426124938296";"383426124938296,00"
"Uganda";"2016";"null";"null";"31.209.362";"12733651";"0.082485924432454";"82485924432454,00"
"Uganda";"2015";"null";"null";"37.689.297";"10794758";"0.0579783093497686";"579783093497686,00"
"Uganda";"2014";"null";"null";"360.144";"10331232";"0.0773632035904881";"773632035904881,00"
"Uganda";"2013";"null";"null";"43.109.154";"1065861";"0.105725998606227";"105725998606227,00"
"Uganda";"2012";"null";"null";"43.502.136";"10658571";"0.0003997256586777";"399725658677763,00"
"Uganda";"2011";"null";"null";"39.755.226";"9156208";"0.0001627043388744";"162704338874452,00"
"Uganda";"2010";"null";"null";"3.826.925";"8102294";"0.0006491804447752";"649180444775249,00"
"Uganda";"2009";"null";"null";"47.063.877";"9462459";"1.38290187863685e-05";"1382901878,64"
"Uganda";"2008";"null";"null";"56.258.266";"16437994";"0.0597942494435664";"597942494435664,00"
"Uganda";"2007";"null";"null";"46.777.416";"1616408";"0.0602452400763069";"602452400763069,00"
"Uganda";"2006";"null";"null";"43.633.286";"13251967";"0.0639233439878878";"639233439878878,00"
"Uganda";"2005";"null";"null";"38.994.286";"13923956";"0.0264857580405315";"264857580405315,00"
"Uganda";"2004";"null";"null";"35.460.087";"15192563";"0.0163019915098558";"163019915098558,00"
"Uganda";"2003";"null";"null";"36.585.728";"20885231";"7.13170753974625e-05";"7131707539,75"
"Uganda";"2002";"null";"null";"36.277.794";"1424812";"0.0001253166029504";"125316602950464,00"
"Uganda";"2001";"null";"null";"35.329.975";"12464394";"0.0";"0,00"
"Uganda";"2000";"null";"null";"32.749.035";"12049415";"0.0013859427719427";"138594277194274,00"
"Uganda";"1999";"null";"null";"3.602.471";"12463773";"7.64790880304375e-05";"7647908803,04"
"Uganda";"1998";"null";"null";"30.043.922";"1679185";"0.0001703035600559";"170303560055995,00"
"Uganda";"1997";"null";"null";"34.158.566";"16850044";"0.0";"0,00"
"Uganda";"1996";"null";"null";"35.385.487";"18582468";"0.0";"0,00"
"Uganda";"1995";"null";"null";"32.623.146";"1950946";"0.0";"0,00"
"Uganda";"1994";"null";"null";"2.783.936";"1900344";"0.0";"0,00"
"Uganda";"1993";"null";"null";"28.239.834";"19499304";"0.0";"0,00"
"Uganda";"1992";"null";"null";"33.052.143";"25235498";"0.0";"0,00"
"Uganda";"1991";"null";"null";"29.402.203";"20602095";"0.0";"0,00"
"Uganda";"1990";"null";"null";"26.609.543";"15810707";"0.0";"0,00"
"Uganda";"1989";"null";"null";"26.047.628";"10329381";"0.0";"0,00"
"Uganda";"1988";"null";"null";"25.350.039";"8157097";"0.0";"0,00"
"Uganda";"1987";"null";"null";"2.629.039";"7788712";"0.0";"0,00"
"Uganda";"1986";"null";"null";"28.048.391";"12737897";"0.0";"0,00"
"Uganda";"1985";"null";"null";"28.746.857";"8932812";"0.0";"0,00"
"Uganda";"1984";"null";"null";"2.701.758";"11462413";"0.0";"0,00"
"Uganda";"1983";"null";"null";"22.303.228";"2008562";"0.0";"0,00"
"Uganda";"1982";"null";"null";"25.901.262";"31213974";"0.0";"0,00"
"Uganda";"1981";"null";"null";"38.136.543";"36730804";"0.0178532300215963";"178532300215963,00"
"Uganda";"1980";"null";"null";"45.476.093";"44656853";"0.0289418223228193";"289418223228193,00"
"Uganda";"1979";"null";"null";"36.932.716";"2090135";"0.0159133233150136";"159133233150136,00"
"Uganda";"1978";"null";"null";"32.515.358";"18521257";"0.0253891855449868";"253891855449868,00"
"Uganda";"1977";"null";"null";"16.951.122";"14371042";"0.0506672695312427";"506672695312427,00"
"Uganda";"1976";"null";"null";"20.994.566";"9803669";"0.117583821361946";"117583821361946,00"
"Uganda";"1975";"null";"null";"19.565.832";"10906434";"0.117673458922209";"117673458922209,00"
"Uganda";"1974";"null";"null";"29.764.978";"9724437";"0.470254617860172";"470254617860172,00"
"Uganda";"1973";"null";"null";"29.705.496";"10627186";"0.604996806411203";"604996806411203,00"
"Uganda";"1972";"null";"null";"36.169.014";"71617155";"0.340809913202661";"340809913202661,00"
"Uganda";"1971";"null";"null";"4.377.161";"66669283";"0.434189252414797";"434189252414797,00"
"Uganda";"1970";"null";"null";"43.470.047";"880479";"0.823808653576638";"823808653576638,00"
"Uganda";"1969";"null";"null";"4.187.133";"null";"";""
"Uganda";"1968";"null";"null";"46.558.704";"null";"";""
"Uganda";"1967";"null";"null";"49.688.812";"null";"";""
"Uganda";"1966";"null";"null";"50.892.586";"null";"";""
"Uganda";"1965";"null";"null";"49.936.687";"null";"";""
"Uganda";"1964";"null";"null";"52.993.984";"null";"";""
"Uganda";"1963";"null";"null";"52.171.486";"null";"";""
"Uganda";"1962";"null";"null";"4.555.512";"null";"";""
"Uganda";"1961";"null";"null";"46.062.096";"null";"";""
"Uganda";"1960";"null";"null";"49.145.832";"null";"";""
